City_ID,City,Lat,Lng,Max Temp,Humidity,Cloudiness,Wind Speed,Country,Date
0,waitangi,-43.9535,-176.5597,62.82,91,97,5.01,NZ,2024-02-27 17:04:59
1,merizo village,13.2658,144.6691,82.13,79,55,15.99,GU,2024-02-27 17:05:00
2,blackmans bay,-43.0167,147.3167,69.73,60,100,1.01,AU,2024-02-27 17:05:01
3,qaqortoq,60.7167,-46.0333,24.73,96,100,5.95,GL,2024-02-27 17:05:02
4,zaozersk,69.4005,32.4476,21.9,88,84,14.9,RU,2024-02-27 17:05:03
5,edinburgh of the seven seas,-37.0676,-12.3116,59.59,63,79,11.1,SH,2024-02-27 17:05:04
6,grytviken,-54.2811,-36.5092,29.95,68,8,8.34,GS,2024-02-27 17:05:04
7,sabang,5.8933,95.3214,83.14,74,98,18.97,ID,2024-02-27 17:05:05
8,enewetak,11.3474,162.3373,80.37,81,91,14.0,MH,2024-02-27 17:05:06
9,bali,-8.5,115.0,77.97,87,84,3.31,ID,2024-02-27 17:05:07
10,port-aux-francais,-49.35,70.2167,46.78,96,98,24.99,TF,2024-02-27 17:05:08
11,stanley,54.868,-1.6985,39.52,86,0,2.3,GB,2024-02-27 17:05:09
12,la'ie,21.6477,-157.9253,82.36,63,5,10.0,US,2024-02-27 17:05:10
13,yellowknife,62.456,-114.3525,-10.59,83,20,9.22,CA,2024-02-27 17:03:15
14,puerto lempira,15.2667,-83.7667,81.3,71,54,11.61,HN,2024-02-27 17:05:11
15,atafu village,-8.5421,-172.5159,84.36,77,18,16.35,TK,2024-02-27 17:05:12
16,fortuna,40.5982,-124.1573,54.99,59,0,17.27,US,2024-02-27 17:05:13
17,lyubim,58.3625,40.6843,25.72,89,99,9.37,RU,2024-02-27 17:05:13
18,puerto aysen,-45.4,-72.7,55.81,98,94,4.88,CL,2024-02-27 17:05:14
19,papatowai,-46.5619,169.4708,53.58,86,98,4.21,NZ,2024-02-27 17:05:14
20,bredasdorp,-34.5322,20.0403,63.14,74,2,14.88,ZA,2024-02-27 17:05:15
21,bethel,41.3712,-73.414,51.87,74,0,10.36,US,2024-02-27 17:05:16
22,callao,-12.0667,-77.15,77.29,69,0,19.57,PE,2024-02-27 17:05:16
23,tangalle,6.024,80.7911,76.35,83,100,10.51,LK,2024-02-27 17:05:18
24,puerto colombia,10.9878,-74.9547,82.49,81,2,24.49,CO,2024-02-27 17:05:18
25,oamaru,-45.0784,170.9801,56.37,91,98,10.89,NZ,2024-02-27 17:03:58
26,tazacorte,28.629,-17.9293,65.37,64,100,17.27,ES,2024-02-27 17:05:20
27,iqaluit,63.7506,-68.5145,-18.31,68,75,8.05,CA,2024-02-27 17:05:20
28,ribeira grande,38.5167,-28.7,61.77,71,27,11.99,PT,2024-02-27 17:05:21
29,novaya ladoga,60.1025,32.3019,32.45,99,100,1.28,RU,2024-02-27 17:05:21
30,adamstown,-25.066,-130.1015,79.34,74,88,7.31,PN,2024-02-27 17:05:22
31,talnakh,69.4865,88.3972,11.21,94,100,13.13,RU,2024-02-27 17:05:23
32,geraldton,-28.7667,114.6,61.21,82,19,11.5,AU,2024-02-27 17:05:23
33,puerto natales,-51.7236,-72.4875,54.95,74,100,10.56,CL,2024-02-27 17:01:47
34,ushuaia,-54.8,-68.3,53.26,82,75,4.61,AR,2024-02-27 17:05:24
35,vila franca do campo,37.7167,-25.4333,55.81,83,23,6.04,PT,2024-02-27 17:05:25
36,villa gesell,-37.2639,-56.973,73.06,82,50,7.78,AR,2024-02-27 17:03:21
37,puerto ayora,-0.7393,-90.3518,85.96,83,85,14.0,EC,2024-02-27 17:05:27
38,maragogi,-9.0122,-35.2225,81.34,75,84,8.01,BR,2024-02-27 17:03:57
39,keflavik,64.0049,-22.5624,32.43,80,75,13.8,IS,2024-02-27 17:05:29
40,vadso,70.0744,29.7487,30.36,74,75,13.8,NO,2024-02-27 17:05:29
41,dudinka,69.4058,86.1778,11.68,92,99,21.0,RU,2024-02-27 17:05:30
42,aleksandrovsk,59.158,57.5624,15.08,95,87,7.31,RU,2024-02-27 17:05:31
43,hadibu,12.65,54.0333,76.89,72,74,6.13,YE,2024-02-27 17:05:32
44,seven pagodas,12.6264,80.1722,79.09,72,62,6.29,IN,2024-02-27 17:05:33
45,paragominas,-2.9667,-47.4833,73.26,97,96,2.01,BR,2024-02-27 17:05:00
46,karagay,58.2667,54.9368,16.86,90,85,8.97,RU,2024-02-27 17:05:34
47,college,64.8569,-147.8028,5.79,51,75,3.44,US,2024-02-27 17:05:35
48,west island,-12.1568,96.8225,83.53,72,93,17.38,CC,2024-02-27 17:05:35
49,glace bay,46.1969,-59.957,36.79,78,90,8.01,CA,2024-02-27 17:05:36
50,hermanus,-34.4187,19.2345,65.8,72,0,17.54,ZA,2024-02-27 17:05:37
51,hithadhoo,-0.6,73.0833,81.12,78,100,4.5,MV,2024-02-27 17:05:37
52,petropavlovsk-kamchatsky,53.0452,158.6483,9.19,72,40,11.18,RU,2024-02-27 17:05:38
53,constantia,44.1833,28.65,43.7,85,54,6.96,RO,2024-02-27 17:05:39
54,porbandar,21.6422,69.6093,73.0,42,0,9.44,IN,2024-02-27 17:05:39
55,batu pahat,1.8548,102.9325,75.69,90,100,5.17,MY,2024-02-27 17:05:40
56,spring creek,40.7266,-115.5859,32.81,54,95,3.0,US,2024-02-27 17:05:40
57,antsiranana,-12.2787,49.2917,76.46,92,91,2.73,MG,2024-02-27 17:05:41
58,namtsy,62.7161,129.6658,-35.79,100,100,1.14,RU,2024-02-27 17:05:41
59,san matias,-16.3667,-58.4,84.99,61,54,5.66,BO,2024-02-27 17:05:42
60,bilibino,68.0546,166.4372,-20.78,97,100,2.26,RU,2024-02-27 17:05:42
61,shatsk,54.0258,41.7119,18.66,86,78,10.33,RU,2024-02-27 17:05:43
62,malpe,13.35,74.7167,78.1,86,97,3.6,IN,2024-02-27 17:05:43
63,wanning,18.8003,110.3967,71.29,91,100,4.5,CN,2024-02-27 17:05:44
64,pontes e lacerda,-15.2261,-59.3353,80.71,73,54,2.51,BR,2024-02-27 17:05:45
65,divino das laranjeiras,-18.7778,-41.4797,75.2,79,79,3.06,BR,2024-02-27 17:05:45
66,chonchi,-42.6128,-73.8092,63.61,97,81,2.51,CL,2024-02-27 17:05:46
67,macusani,-14.0833,-70.4333,42.78,80,95,6.78,PE,2024-02-27 17:05:46
68,kriva palanka,42.2019,22.3319,46.8,91,100,3.67,MK,2024-02-27 17:05:47
69,rongelap,11.1635,166.8941,80.29,84,57,18.79,MH,2024-02-27 17:05:47
70,invercargill,-46.4,168.35,54.01,85,100,4.0,NZ,2024-02-27 17:05:49
71,bamboo flat,11.7,92.7167,77.09,94,15,1.14,IN,2024-02-27 17:05:49
72,kayangel,8.0823,134.7173,81.0,83,100,24.52,PW,2024-02-27 17:05:50
73,pangai,-19.8,-174.35,86.11,79,40,6.91,TO,2024-02-27 17:05:50
74,anadyr,64.75,177.4833,-12.5,75,72,25.99,RU,2024-02-27 17:05:51
75,sona,45.4388,10.8255,53.49,93,75,9.22,IT,2024-02-27 17:05:51
76,hobyo,5.3505,48.5268,78.67,74,96,14.7,SO,2024-02-27 17:05:52
77,tiksi,71.6872,128.8694,-4.18,85,81,36.1,RU,2024-02-27 17:05:52
78,altamira,-3.2033,-52.2064,76.98,86,69,2.28,BR,2024-02-27 17:05:53
79,albany,42.6001,-73.9662,57.43,59,61,3.0,US,2024-02-27 17:02:58
80,gadzhiyevo,69.2551,33.3362,20.71,90,77,14.18,RU,2024-02-27 17:05:54
81,vorgashor,67.5833,63.95,24.51,96,100,11.95,RU,2024-02-27 17:05:55
82,belmonte,-15.8631,-38.8828,78.22,88,53,5.21,BR,2024-02-27 17:05:22
83,afaahiti,-17.75,-149.2833,84.06,77,38,7.72,PF,2024-02-27 17:05:56
84,bossangoa,6.4926,17.4552,86.77,26,40,3.38,CF,2024-02-27 17:05:56
85,san justo,-30.7891,-60.5919,75.94,65,99,7.72,AR,2024-02-27 17:05:57
86,westport,41.1415,-73.3579,52.41,82,0,3.0,US,2024-02-27 17:04:27
87,whitehorse,60.7161,-135.0538,7.11,64,100,15.01,CA,2024-02-27 17:05:58
88,qarauyl,48.9451,79.255,5.94,94,96,4.25,KZ,2024-02-27 17:05:58
89,labrador city,52.9463,-66.9114,19.31,68,75,8.05,CA,2024-02-27 17:05:59
90,galliano,29.4422,-90.2992,73.4,78,100,16.11,US,2024-02-27 17:06:00
91,punta arenas,-53.15,-70.9167,55.51,82,75,12.66,CL,2024-02-27 17:05:51
92,sancti spiritus,21.9297,-79.4425,79.27,54,21,9.55,CU,2024-02-27 17:06:01
93,al jawf,29.5,38.75,49.53,40,6,12.3,SA,2024-02-27 17:06:01
94,weno,7.4515,151.8468,85.95,79,75,12.66,FM,2024-02-27 17:06:03
95,aitape,-3.1374,142.3475,81.12,80,93,2.01,PG,2024-02-27 17:06:03
96,joshimath,30.5667,79.5667,37.09,76,65,8.03,IN,2024-02-27 17:06:04
97,port mathurin,-19.6833,63.4167,77.9,77,18,11.74,MU,2024-02-27 17:06:05
98,longyearbyen,78.2186,15.6401,30.04,80,75,16.11,SJ,2024-02-27 17:03:20
99,baihar,22.1,80.55,62.83,85,9,2.62,IN,2024-02-27 17:06:06
100,hammerfest,70.6634,23.6821,30.65,64,0,8.05,NO,2024-02-27 17:06:07
101,luau,-10.7073,22.2247,64.87,97,79,1.28,AO,2024-02-27 17:06:07
102,horta,38.5333,-28.6333,61.02,71,35,11.99,PT,2024-02-27 17:04:51
103,nemuro,43.3236,145.575,23.11,75,100,32.19,JP,2024-02-27 17:06:09
104,toamasina,-18.1667,49.3833,75.2,94,75,2.3,MG,2024-02-27 17:06:10
105,borogontsy,62.6683,131.1683,-37.07,100,100,2.84,RU,2024-02-27 17:06:10
106,lebu,-37.6167,-73.65,62.42,81,89,7.16,CL,2024-02-27 17:06:11
107,carnarvon,-24.8667,113.6333,75.94,76,0,18.03,AU,2024-02-27 17:06:11
108,lospalos,-8.5186,127.0025,75.92,89,99,7.99,TL,2024-02-27 17:06:12
109,iskateley,67.6803,53.1512,23.02,94,73,11.99,RU,2024-02-27 17:06:13
110,jiangzi,28.95,89.6333,17.38,69,17,7.34,CN,2024-02-27 17:06:14
111,zuyevka,58.405,51.1335,22.55,94,99,9.17,RU,2024-02-27 17:06:15
112,jamestown,42.097,-79.2353,54.99,87,97,5.01,US,2024-02-27 17:03:46
113,nelson bay,-32.7167,152.15,82.09,79,25,11.01,AU,2024-02-27 17:06:16
114,bodo,67.28,14.405,39.24,56,75,14.97,NO,2024-02-27 17:06:17
115,el granada,37.5027,-122.4694,66.47,49,0,16.11,US,2024-02-27 17:06:17
116,georgetown,5.4112,100.3354,82.33,70,20,6.91,MY,2024-02-27 17:02:47
117,usinsk,65.9939,57.5281,32.07,97,100,18.99,RU,2024-02-27 17:03:39
118,mirabad,30.4362,61.8383,43.39,65,94,7.0,AF,2024-02-27 17:06:19
119,kapa'a,22.0752,-159.319,80.58,67,75,18.41,US,2024-02-27 17:06:19
120,kachug,53.9606,105.8817,-5.03,99,100,2.89,RU,2024-02-27 17:06:20
121,san pedro pochutla,15.7333,-96.4667,85.71,52,0,8.46,MX,2024-02-27 17:06:21
122,quellon,-43.1167,-73.6167,56.55,97,91,8.9,CL,2024-02-27 17:06:21
123,vyaz'ma,55.2104,34.2951,21.31,94,82,8.19,RU,2024-02-27 17:06:22
124,humaita,-7.5061,-63.0208,73.81,96,100,2.44,BR,2024-02-27 17:06:23
125,atar,20.5169,-13.0499,73.56,21,0,10.94,MR,2024-02-27 17:02:42
126,udachny,66.4167,112.4,0.45,84,100,5.44,RU,2024-02-27 17:06:24
127,mezhdurechenskiy,59.6,65.9333,20.98,91,83,8.46,RU,2024-02-27 17:06:24
128,kristiansund,63.1115,7.732,44.65,52,75,5.75,NO,2024-02-27 17:06:25
129,olinda,-8.0089,-34.8553,78.53,94,40,2.3,BR,2024-02-27 17:04:27
130,garachico,28.7781,-17.7646,62.71,59,100,17.27,ES,2024-02-27 17:06:26
131,bata,1.8639,9.7658,81.16,90,5,7.09,GQ,2024-02-27 17:06:27
132,thinadhoo,0.5333,72.9333,80.73,81,100,10.94,MV,2024-02-27 17:06:27
133,nguruka,-5.1092,31.0419,63.95,96,92,3.74,TZ,2024-02-27 17:06:28
134,raduzhny,62.0961,77.475,25.99,96,100,12.91,RU,2024-02-27 17:06:28
135,guangming,45.3333,122.7833,11.59,85,28,6.87,CN,2024-02-27 17:06:29
136,tarime,-1.35,34.3667,63.55,92,100,1.92,TZ,2024-02-27 17:06:29
137,revda,56.801,59.9303,19.08,69,100,14.14,RU,2024-02-27 17:06:30
138,faya-largeau,17.9257,19.1043,75.31,14,54,13.09,TD,2024-02-27 17:02:37
139,arraial do cabo,-22.9661,-42.0278,76.96,88,20,10.36,BR,2024-02-27 17:06:31
140,kingston,17.997,-76.7936,85.15,71,20,19.57,JM,2024-02-27 17:06:32
141,avarua,-21.2078,-159.775,84.25,79,20,5.75,CK,2024-02-27 17:06:32
142,utrik,11.2278,169.8474,80.96,74,99,16.84,MH,2024-02-27 17:06:33
143,walvis bay,-22.9575,14.5053,63.55,88,2,6.53,,2024-02-27 17:06:34
144,papao,-17.75,-149.55,85.66,77,17,9.04,PF,2024-02-27 17:06:34
145,bonthe,7.5264,-12.505,79.21,91,30,6.38,SL,2024-02-27 17:06:35
146,tazovsky,67.4667,78.7,22.32,96,100,7.76,RU,2024-02-27 17:06:35
147,tura,25.5198,90.2201,59.61,41,99,2.19,IN,2024-02-27 17:06:36
148,ust-nera,64.5667,143.2,-29.61,99,59,4.18,RU,2024-02-27 17:06:37
149,bojnurd,37.4747,57.329,22.95,86,75,4.61,IR,2024-02-27 17:06:37
150,san benito abad,8.929,-75.0271,92.01,40,28,8.39,CO,2024-02-27 17:06:38
151,amursk,50.2261,136.8994,-4.77,99,96,4.29,RU,2024-02-27 17:06:38
152,turpan,42.9333,89.1667,31.82,34,21,3.38,CN,2024-02-27 17:06:39
153,trinidad,-14.8333,-64.9,85.98,74,40,5.75,BO,2024-02-27 17:06:39
154,port elizabeth,-33.918,25.5701,66.49,83,75,9.22,ZA,2024-02-27 17:04:21
155,fort mcmurray,56.7268,-111.381,4.59,47,0,5.75,CA,2024-02-27 17:04:39
156,three points,32.0767,-111.3137,72.79,30,40,8.05,US,2024-02-27 17:06:41
157,summerside,46.3959,-63.7876,37.47,91,89,12.86,CA,2024-02-27 17:06:42
158,cannonvale,-20.2833,148.7,81.79,84,99,16.24,AU,2024-02-27 17:06:42
159,olonkinbyen,70.9221,-8.7187,31.96,86,98,12.82,SJ,2024-02-27 17:06:43
160,saldanha,-33.0117,17.9442,70.36,46,0,13.35,ZA,2024-02-27 17:06:43
161,howard springs,-12.497,131.047,84.11,93,62,6.24,AU,2024-02-27 17:06:44
162,santa terezinha,-29.9002,-50.0904,75.22,92,96,7.11,BR,2024-02-27 17:06:44
163,monte santo,-10.4378,-39.3328,78.28,66,100,2.86,BR,2024-02-27 17:06:45
164,tongchuanshi,35.0806,109.0897,33.66,85,99,1.9,CN,2024-02-27 17:06:45
165,vuktyl,63.8567,57.3094,27.1,97,100,5.99,RU,2024-02-27 17:06:46
166,katabu,-4.9333,122.5167,77.7,90,11,2.37,ID,2024-02-27 17:06:47
167,parapat,2.663,98.9349,65.64,94,67,0.49,ID,2024-02-27 17:06:47
168,ust-tsilma,65.441,52.1498,26.62,98,100,3.0,RU,2024-02-27 17:06:48
169,brisas de zicatela,15.8369,-97.0419,84.72,70,75,10.36,MX,2024-02-27 17:06:48
170,port macquarie,-31.4333,152.9167,80.89,67,7,6.06,AU,2024-02-27 17:02:54
171,ilebo,-4.3167,20.5833,71.89,94,47,1.28,CD,2024-02-27 17:06:49
172,kodiak,57.79,-152.4072,29.71,69,75,23.02,US,2024-02-27 17:06:50
173,laguna,38.421,-121.4238,65.1,37,0,17.27,US,2024-02-27 17:06:51
174,saipan,15.1355,145.701,83.1,61,20,13.8,MP,2024-02-27 17:06:51
175,alofi,-19.0595,-169.9187,85.89,79,100,5.75,NU,2024-02-27 17:06:52
176,lamarque,-39.423,-65.7021,85.62,22,3,4.21,AR,2024-02-27 17:06:52
177,floro,61.5996,5.0328,41.07,93,100,32.21,NO,2024-02-27 17:06:53
178,hawaiian paradise park,19.5933,-154.9731,76.51,78,75,12.66,US,2024-02-27 17:06:54
179,zhangye,38.9342,100.4517,23.13,66,90,4.79,CN,2024-02-27 17:06:54
180,ilulissat,69.2167,-51.1,3.22,85,20,0.0,GL,2024-02-27 17:06:55
181,qarqaraly,49.4058,75.4742,1.92,99,93,3.94,KZ,2024-02-27 17:06:55
182,canutama,-6.5339,-64.3831,74.41,94,100,1.79,BR,2024-02-27 17:06:56
183,kenai,60.5544,-151.2583,26.69,73,0,5.75,US,2024-02-27 17:06:57
184,oranjemund,-28.55,16.4333,65.39,76,0,4.79,,2024-02-27 17:06:57
185,essaouira,31.5125,-9.77,55.62,60,0,30.94,MA,2024-02-27 17:06:58
186,saint-pierre,-21.3393,55.4781,73.08,83,20,5.75,RE,2024-02-27 17:06:58
187,margate,51.3813,1.3862,43.88,83,93,5.99,GB,2024-02-27 17:01:26
188,yaren,-0.5472,166.916,83.55,79,100,15.17,NR,2024-02-27 17:06:59
189,chui,-33.6971,-53.4616,71.42,94,24,5.99,UY,2024-02-27 17:05:56
190,tolanaro,-25.0319,46.9987,76.8,92,10,13.22,MG,2024-02-27 17:07:01
191,martapura,-3.4167,114.85,77.09,94,20,2.3,ID,2024-02-27 17:07:01
192,idfu,24.9803,32.8747,61.05,36,0,7.92,EG,2024-02-27 17:07:02
193,nikolayevsk-on-amure,53.1406,140.73,4.03,94,55,0.47,RU,2024-02-27 17:07:03
194,umm kaddadah,13.6017,26.6876,72.93,13,98,11.88,SD,2024-02-27 17:07:03
195,saudarkrokur,65.7461,-19.6394,20.79,88,100,10.11,IS,2024-02-27 17:07:04
196,inongo,-1.95,18.2667,74.91,87,52,6.44,CD,2024-02-27 17:02:39
197,dwarka,22.2394,68.9678,72.41,55,0,12.55,IN,2024-02-27 17:07:05
198,howrah,22.5892,88.3103,71.6,68,40,8.05,IN,2024-02-27 17:07:05
199,galveston,29.3669,-94.9669,78.91,84,100,9.22,US,2024-02-27 17:06:13
200,pangody,65.85,74.4859,21.04,99,100,3.58,RU,2024-02-27 17:07:07
201,isafjordur,66.0755,-23.124,21.16,84,100,9.31,IS,2024-02-27 17:07:07
202,wynyard,-41.0,145.7167,66.58,78,100,12.15,AU,2024-02-27 17:07:09
203,mount pearl,47.5166,-52.7813,32.07,87,60,10.0,CA,2024-02-27 17:07:10
204,mount isa,-20.7333,139.5,80.37,83,75,6.91,AU,2024-02-27 17:07:11
205,qulsary,46.9531,54.0198,23.05,79,10,9.55,KZ,2024-02-27 17:07:11
206,lensk,60.7253,114.9278,-21.82,96,15,4.63,RU,2024-02-27 17:07:12
207,palmer,42.1584,-72.3287,55.0,80,41,8.68,US,2024-02-27 17:07:13
208,sompeta,18.9333,84.6,74.26,73,0,2.77,IN,2024-02-27 17:07:14
209,muang khong,14.1167,105.85,71.01,77,12,2.89,LA,2024-02-27 17:07:15
210,mirny,62.5353,113.9611,-13.77,75,70,4.0,RU,2024-02-27 17:07:16
211,culpeper,38.5004,-77.9664,57.97,91,100,6.91,US,2024-02-27 17:07:17
212,manta,-0.95,-80.7333,82.18,89,75,10.0,EC,2024-02-27 17:07:17
213,asha,54.9973,57.2722,14.18,94,100,1.99,RU,2024-02-27 17:07:18
214,mahdia,35.5047,11.0622,57.15,85,80,20.98,TN,2024-02-27 17:07:18
215,sitka,57.0531,-135.33,33.69,69,100,19.57,US,2024-02-27 17:07:19
216,badger,64.8,-147.5333,5.7,58,40,3.44,US,2024-02-27 17:07:20
217,el calafate,-50.3408,-72.2768,56.01,73,67,9.04,AR,2024-02-27 17:07:21
218,nantucket,41.2835,-70.0995,48.25,93,75,14.97,US,2024-02-27 17:03:46
219,xianyang,34.3378,108.7026,37.94,86,87,1.1,CN,2024-02-27 17:07:22
220,kulhudhuffushi,6.6221,73.07,82.78,76,92,11.16,MV,2024-02-27 17:07:23
221,remire-montjoly,4.9167,-52.2667,78.84,73,0,3.44,GF,2024-02-27 17:07:23
222,margaret river,-33.95,115.0667,55.78,79,100,5.95,AU,2024-02-27 17:07:25
223,auki,-8.7676,160.7034,82.65,81,98,4.36,SB,2024-02-27 17:07:26
224,devonport,-41.1667,146.35,71.53,78,97,1.99,AU,2024-02-27 17:07:26
225,phan rang-thap cham,11.5667,108.9833,72.16,86,99,5.88,VN,2024-02-27 17:07:27
226,kone,-21.0595,164.8658,88.39,58,35,6.85,NC,2024-02-27 17:07:27
227,luwuk,-0.9516,122.7875,80.06,74,85,3.13,ID,2024-02-27 17:07:28
228,shar,49.5886,81.0453,0.3,97,87,6.98,KZ,2024-02-27 17:07:29
229,quilali,13.567,-86.026,82.94,54,83,10.31,NI,2024-02-27 17:07:29
230,naze,28.3667,129.4833,60.21,73,94,15.32,JP,2024-02-27 17:07:30
231,thompson,55.7435,-97.8558,-5.66,86,100,7.38,CA,2024-02-27 17:07:30
232,mehtar lam,34.6714,70.2094,51.58,47,97,4.09,AF,2024-02-27 17:07:32
233,holualoa,19.6228,-155.9522,75.56,69,0,6.91,US,2024-02-27 17:07:33
234,hantsavichy,52.758,26.43,40.35,80,87,8.46,BY,2024-02-27 17:07:37
235,aykhal,66.0,111.5,-1.39,98,100,7.02,RU,2024-02-27 17:07:39
236,ciudad lazaro cardenas,17.9583,-102.2,80.29,68,14,10.67,MX,2024-02-27 17:07:39
237,chibougamau,49.9168,-74.3659,33.89,99,100,12.15,CA,2024-02-27 17:07:43
238,laojunmiao,39.8333,97.7333,16.81,95,100,3.33,CN,2024-02-27 17:07:45
239,arish,31.1316,33.7984,61.25,77,9,7.58,EG,2024-02-27 17:07:46
240,minas de marcona,-15.2119,-75.1103,66.97,82,99,15.93,PE,2024-02-27 17:07:46
241,acarau,-2.8856,-40.12,75.87,95,100,6.26,BR,2024-02-27 17:07:50
242,akrehamn,59.2667,5.1833,41.41,93,100,12.66,NO,2024-02-27 17:07:52
243,fuglafjordur,62.244,-6.814,41.47,76,51,30.36,FO,2024-02-27 17:07:53
244,mount gambier,-37.8333,140.7667,86.31,21,100,14.83,AU,2024-02-27 17:07:53
245,port lincoln,-34.7333,135.8667,68.54,74,62,23.24,AU,2024-02-27 17:07:54
246,ola,59.5833,151.2833,-10.7,92,27,5.3,RU,2024-02-27 17:07:55
247,vanimo,-2.6741,141.3028,81.28,82,81,2.84,PG,2024-02-27 17:07:55
248,an nuhud,12.7,28.4333,73.74,10,97,14.43,SD,2024-02-27 17:07:56
249,skhirate,33.8498,-7.0404,43.14,68,1,2.3,MA,2024-02-27 17:07:56
250,koubia,11.5833,-11.9,74.88,18,6,1.48,GN,2024-02-27 17:07:59
251,tsiombe,-25.3,45.4833,78.4,84,25,0.92,MG,2024-02-27 17:08:00
252,klyuchi,52.2667,79.1667,7.3,98,91,7.23,RU,2024-02-27 17:08:00
253,praia da vitoria,38.7333,-27.0667,60.76,73,4,6.08,PT,2024-02-27 17:08:01
254,happy valley-goose bay,53.3168,-60.3315,9.81,91,91,3.85,CA,2024-02-27 17:08:02
255,hamilton,39.1834,-84.5333,65.75,77,100,14.97,US,2024-02-27 17:08:02
256,lata,40.1629,-8.3327,49.08,88,48,2.86,PT,2024-02-27 17:08:03
257,gombi,10.1614,12.7399,81.79,24,1,4.65,NG,2024-02-27 17:08:04
258,yuzhno-kurilsk,44.0306,145.8556,25.38,85,100,32.99,RU,2024-02-27 17:08:05
259,queenstown,-31.8976,26.8753,50.99,88,35,5.44,ZA,2024-02-27 17:08:06
260,tottori,35.5,134.2333,43.27,60,92,6.69,JP,2024-02-27 17:08:06
261,ancud,-41.8697,-73.8203,57.97,96,92,10.51,CL,2024-02-27 17:08:07
262,aasiaat,68.7098,-52.8699,-5.93,100,96,6.55,GL,2024-02-27 17:08:08
263,lihue,21.9789,-159.3672,79.84,67,75,18.41,US,2024-02-27 17:08:09
264,tamanrasset,22.785,5.5228,57.11,9,0,4.61,DZ,2024-02-27 17:08:10
265,tabas,33.5959,56.9244,44.1,52,100,4.32,IR,2024-02-27 17:08:11
266,cristalina,-16.7686,-47.6136,67.68,74,65,2.73,BR,2024-02-27 17:08:12
267,east london,-33.0153,27.9116,66.24,70,79,7.7,ZA,2024-02-27 17:08:20
268,abu qurqas,27.9312,30.8384,59.27,55,0,8.79,EG,2024-02-27 17:08:21
269,onguday,50.75,86.15,-11.99,99,60,2.53,RU,2024-02-27 17:08:21
270,codrington,-38.2667,141.9667,85.03,24,100,16.55,AU,2024-02-27 17:08:22
271,vanino,49.0869,140.2543,8.92,88,12,3.22,RU,2024-02-27 17:08:23
272,hasaki,35.7333,140.8333,39.6,48,1,14.99,JP,2024-02-27 17:08:23
273,cruzeiro do sul,-29.5128,-51.9853,80.51,96,91,0.43,BR,2024-02-27 17:07:11
274,nova vicosa,-17.8919,-39.3719,78.37,88,32,7.25,BR,2024-02-27 17:08:24
275,malpica,43.3228,-8.8105,53.33,73,100,3.33,ES,2024-02-27 17:08:25
276,oodweyne,9.4092,45.064,73.56,53,99,7.87,SO,2024-02-27 17:08:26
277,six-fours-les-plages,43.0938,5.84,50.43,88,100,5.82,FR,2024-02-27 17:08:27
278,chengzhong,30.95,113.55,39.96,79,100,3.67,CN,2024-02-27 17:08:27
279,lianzhou,24.7811,112.3825,42.84,94,100,1.66,CN,2024-02-27 17:08:28
280,uturoa,-16.7333,-151.4333,84.06,73,60,9.13,PF,2024-02-27 17:08:28
281,zhumysker,49.3333,49.4,17.56,81,18,5.46,KZ,2024-02-27 17:08:29
282,krasnyy chikoy,50.3643,108.7512,-1.43,97,100,5.32,RU,2024-02-27 17:08:30
283,rundu,-17.9333,19.7667,67.82,85,96,4.38,,2024-02-27 17:08:30
284,colonia,50.9333,6.95,40.75,89,75,2.3,DE,2024-02-27 17:05:35
285,debre tabor,11.85,38.0167,58.1,32,92,3.44,ET,2024-02-27 17:08:31
286,nova sintra,14.8667,-24.7167,68.68,77,66,6.91,CV,2024-02-27 17:08:32
287,humberto de campos,-2.5983,-43.4611,74.79,99,100,7.23,BR,2024-02-27 17:08:33
288,puerto baquerizo moreno,-0.9,-89.6,80.78,72,80,12.08,EC,2024-02-27 17:08:33
289,wailua homesteads,22.0669,-159.378,79.23,67,75,18.41,US,2024-02-27 17:08:34
290,flin flon,54.7682,-101.865,-2.29,71,100,9.04,CA,2024-02-27 17:08:34
291,barah,13.7,30.3667,73.29,11,100,11.83,SD,2024-02-27 17:08:35
292,edmond,35.6528,-97.4781,80.89,27,100,10.0,US,2024-02-27 17:07:42
293,kourou,5.1552,-52.6478,78.85,72,21,8.01,GF,2024-02-27 17:08:36
294,marka,1.7159,44.7717,79.83,78,9,16.35,SO,2024-02-27 17:08:37
295,fale old settlement,-9.3852,-171.2468,83.71,78,84,18.07,TK,2024-02-27 17:08:38
296,berbera,10.4396,45.0143,78.21,77,81,2.55,SO,2024-02-27 17:08:38
297,haiku-pauwela,20.9219,-156.3051,76.26,66,40,15.99,US,2024-02-27 17:08:39
298,itaituba,-4.2761,-55.9836,75.94,96,97,1.9,BR,2024-02-27 17:08:39
299,freetown,8.484,-13.2299,78.64,88,5,7.81,SL,2024-02-27 17:08:40
300,puerto pilon,9.3644,-79.7933,84.78,69,1,10.58,PA,2024-02-27 17:08:40
301,warman,52.3168,-106.5679,-5.12,58,100,10.36,CA,2024-02-27 17:05:07
302,villa ojo de agua,-29.5,-63.6938,75.0,78,60,8.95,AR,2024-02-27 17:08:42
303,ulsteinvik,62.3432,5.8487,43.7,84,48,18.99,NO,2024-02-27 17:08:42
304,tulsipur,28.131,82.2973,55.72,39,8,5.41,NP,2024-02-27 17:08:43
305,mantua,45.1667,10.7833,52.41,95,100,15.99,IT,2024-02-27 17:08:43
306,dakhla,23.6848,-15.958,63.23,76,0,29.39,EH,2024-02-27 17:08:44
307,portland,45.5234,-122.6762,46.45,89,100,9.22,US,2024-02-27 17:04:43
308,vilyuchinsk,52.9306,158.4028,10.67,69,100,5.23,RU,2024-02-27 17:08:45
309,salina cruz,16.1667,-95.2,83.57,59,0,11.72,MX,2024-02-27 17:08:45
310,san felipe,10.3399,-68.7425,73.27,82,61,6.87,VE,2024-02-27 17:08:46
311,iquique,-20.2208,-70.1431,71.53,78,33,5.86,CL,2024-02-27 17:08:46
312,bathurst,-33.4166,149.5806,74.97,72,7,4.0,AU,2024-02-27 17:07:31
313,tromso,69.6496,18.957,35.62,51,0,17.27,NO,2024-02-27 17:08:48
314,meadow lake,34.8014,-106.5436,61.84,24,100,34.02,US,2024-02-27 17:08:48
315,kemijarvi,66.7131,27.4306,24.17,92,82,9.71,FI,2024-02-27 17:08:49
316,la passe,45.5549,-0.8967,43.03,81,79,11.77,FR,2024-02-27 17:08:49
317,harper,4.375,-7.7169,80.56,87,100,5.59,LR,2024-02-27 17:08:50
318,ust'-uda,54.1742,103.0304,-9.18,100,100,3.2,RU,2024-02-27 17:08:51
319,xinyu,27.8043,114.9334,39.87,96,100,0.92,CN,2024-02-27 17:08:51
320,birine,35.635,3.225,40.57,88,77,12.97,DZ,2024-02-27 17:08:52
321,berdigestyakh,62.0989,126.6992,-31.14,100,100,2.3,RU,2024-02-27 17:08:52
322,wanlaweyn,2.6185,44.8938,78.55,74,4,11.95,SO,2024-02-27 17:08:53
323,albardon,-31.4372,-68.5256,90.39,35,56,2.17,AR,2024-02-27 17:08:53
324,lillehammer,61.1146,10.4674,31.59,96,100,6.98,NO,2024-02-27 17:08:54
325,ulladulla,-35.35,150.4667,75.85,68,2,7.94,AU,2024-02-27 17:08:55
326,angaur state,6.906,134.13,80.71,85,100,20.69,PW,2024-02-27 17:08:55
327,tual,-5.6667,132.75,86.02,71,63,9.62,ID,2024-02-27 17:08:56
328,xining,36.6167,101.7667,18.55,89,99,2.21,CN,2024-02-27 17:08:56
329,nueva esperanza,15.2667,-87.6,87.42,66,1,6.35,HN,2024-02-27 17:08:57
330,dolisie,-4.1997,12.6739,73.99,97,45,3.78,CG,2024-02-27 17:08:57
331,dolinsk,47.35,142.8,4.71,90,80,8.37,RU,2024-02-27 17:08:58
332,inarajan village,13.2736,144.7484,82.54,79,56,15.9,GU,2024-02-27 17:08:58
333,barabai,-2.5833,115.3833,76.3,90,73,1.39,ID,2024-02-27 17:08:59
334,tannum sands,-23.9504,151.3693,82.29,61,7,10.36,AU,2024-02-27 17:09:00
335,abashiri,44.0213,144.2697,16.09,79,75,16.11,JP,2024-02-27 17:09:00
336,antalaha,-14.9003,50.2788,75.83,94,93,3.83,MG,2024-02-27 17:09:01
337,amga,60.8953,131.9608,-30.62,100,100,1.23,RU,2024-02-27 17:09:02
338,igarka,67.4667,86.5833,11.98,94,100,18.54,RU,2024-02-27 17:09:02
339,shahin dezh,36.6793,46.5669,29.23,64,84,0.81,IR,2024-02-27 17:09:03
340,iwanai,42.9744,140.5089,23.58,71,74,7.36,JP,2024-02-27 17:09:04
341,neelankarai,12.9455,80.2575,79.07,83,40,3.44,IN,2024-02-27 17:09:04
342,sakchu-up,40.3894,125.0467,29.8,80,98,1.77,KP,2024-02-27 17:09:05
343,shetpe,44.1667,52.1167,29.07,64,11,4.74,KZ,2024-02-27 17:09:05
344,lushun,38.8,121.2667,26.82,63,100,3.24,CN,2024-02-27 17:05:24
345,ceeldheer,3.8488,47.1806,77.14,78,17,15.37,SO,2024-02-27 17:09:07
346,charlotte amalie,18.3419,-64.9307,78.48,94,40,5.75,VI,2024-02-27 17:05:55
347,odda,60.0691,6.5457,37.04,97,100,9.06,NO,2024-02-27 17:09:08
348,barrouallie,13.2333,-61.2667,74.82,83,75,8.05,VC,2024-02-27 17:09:09
349,ponta delgada,37.7333,-25.6667,56.12,71,20,4.61,PT,2024-02-27 17:09:09
350,ettaiyapuram,9.1441,77.9907,78.46,76,58,6.87,IN,2024-02-27 17:09:10
351,inhambane,-23.865,35.3833,76.05,64,96,15.46,MZ,2024-02-27 17:09:11
352,puerto ayacucho,5.6639,-67.6236,90.81,34,59,5.57,VE,2024-02-27 17:09:11
353,embarcacion,-23.209,-64.096,82.22,80,93,7.47,AR,2024-02-27 17:09:12
354,sake,-1.5736,29.045,61.86,94,97,0.89,CD,2024-02-27 17:09:12
355,taoudenni,22.6783,-3.9836,77.05,11,0,9.55,ML,2024-02-27 17:09:13
356,cabo san lucas,22.8909,-109.9124,89.62,54,40,10.36,MX,2024-02-27 17:06:43
357,fada,9.5667,8.3,79.11,35,1,1.99,NG,2024-02-27 17:09:14
358,barinitas,8.7622,-70.4111,79.45,50,67,3.22,VE,2024-02-27 17:09:15
359,tofol,5.3248,163.0078,85.78,79,75,17.27,FM,2024-02-27 17:09:15
360,nuku'alofa,-21.1333,-175.2,82.74,100,75,3.44,TO,2024-02-27 17:09:16
361,richards bay,-28.783,32.0377,67.66,83,94,6.51,ZA,2024-02-27 17:09:16
362,ha'il,27.5219,41.6907,53.62,50,0,11.5,SA,2024-02-27 17:09:17
363,morehead city,34.7229,-76.726,60.82,87,100,9.22,US,2024-02-27 17:07:25
364,wilhelmsburg,48.1057,15.6054,51.37,99,100,1.97,AT,2024-02-27 17:09:18
365,mangrol,21.1167,70.1167,73.35,41,0,10.04,IN,2024-02-27 17:09:19
366,itoman,26.1247,127.6694,68.4,72,75,9.22,JP,2024-02-27 17:09:19
367,urangan,-25.3,152.9,84.2,67,14,11.01,AU,2024-02-27 17:05:34
368,pueblo,38.2545,-104.6091,39.96,86,100,13.8,US,2024-02-27 17:06:52
369,midvagur,62.0511,-7.1939,41.83,75,100,26.46,FO,2024-02-27 17:09:21
370,nar'yan-mar,67.6713,53.087,23.11,94,73,11.99,RU,2024-02-27 17:09:22
371,lerwick,60.1545,-1.1494,42.8,75,32,27.4,GB,2024-02-27 17:09:22
372,birao,10.2849,22.7882,78.53,20,50,6.62,CF,2024-02-27 17:09:23
373,lompoc,34.6391,-120.4579,70.02,70,0,12.66,US,2024-02-27 17:09:23
374,tralee,52.2704,-9.7026,41.09,92,100,5.7,IE,2024-02-27 17:09:24
375,novi grad,45.0458,16.3803,47.03,94,68,1.99,BA,2024-02-27 17:09:25
376,bandarbeyla,9.4942,50.8122,77.81,66,93,10.13,SO,2024-02-27 17:09:25
377,qarazhal,48.0078,70.7903,5.38,94,86,4.34,KZ,2024-02-27 17:09:26
378,floriano,-6.7669,-43.0225,79.63,77,75,1.59,BR,2024-02-27 17:09:26
379,punta del este,-34.9667,-54.95,72.97,92,20,5.75,UY,2024-02-27 17:09:27
380,kill devil hills,36.0307,-75.676,62.62,79,100,11.5,US,2024-02-27 17:09:28
381,murygino,58.7383,49.4582,23.36,95,100,8.19,RU,2024-02-27 17:09:29
382,val-d'or,48.1002,-77.7828,39.22,100,100,10.47,CA,2024-02-27 17:08:30
383,carauari,-4.8828,-66.8958,74.62,95,99,1.21,BR,2024-02-27 17:09:30
384,sena madureira,-9.0656,-68.6569,75.25,98,70,2.84,BR,2024-02-27 17:09:31
385,midar,34.9403,-3.5331,48.7,61,5,16.4,MA,2024-02-27 17:09:31
386,dyatlovo,53.4631,25.4068,42.08,80,100,9.1,BY,2024-02-27 17:09:32
387,korla,41.7597,86.1469,27.95,75,95,11.07,CN,2024-02-27 17:09:32
388,winkler,49.1817,-97.941,1.58,71,100,17.38,CA,2024-02-27 17:09:33
389,ma'rib,15.4591,45.3253,71.46,41,10,3.44,YE,2024-02-27 17:09:33
390,harstad,68.799,16.5293,36.79,74,100,32.99,NO,2024-02-27 17:09:34
391,camana,-16.6228,-72.7111,74.19,86,100,7.94,PE,2024-02-27 17:09:35
392,la quiaca,-22.1024,-65.593,57.25,64,96,10.6,AR,2024-02-27 17:09:35
393,asau,46.4333,26.4,38.32,64,93,2.75,RO,2024-02-27 17:09:36
394,trincomalee,8.5711,81.2335,79.79,78,73,14.76,LK,2024-02-27 17:09:36
395,aginskoye,51.1,114.53,-4.29,92,100,8.08,RU,2024-02-27 17:09:37
396,sisimiut,66.9395,-53.6735,5.97,79,84,7.09,GL,2024-02-27 17:09:37
397,sayula de aleman,17.8667,-94.95,79.86,69,0,6.26,MX,2024-02-27 17:09:38
398,oriximina,-1.7656,-55.8661,76.69,86,46,2.26,BR,2024-02-27 17:09:38
399,al khafji,28.4391,48.4913,62.96,56,64,7.87,SA,2024-02-27 17:09:18
400,tagiura,32.8817,13.3506,64.29,41,41,10.02,LY,2024-02-27 17:09:40
401,soe,-9.8607,124.284,70.41,89,83,2.93,ID,2024-02-27 17:09:40
402,taulaga,-11.0553,-171.0883,84.07,71,52,17.74,AS,2024-02-27 17:09:41
403,vernon,50.2581,-119.2691,28.76,34,66,3.18,CA,2024-02-27 17:09:41
404,port alfred,-33.5906,26.891,65.86,68,22,12.57,ZA,2024-02-27 17:09:43
405,agapovka,53.2973,59.1348,27.61,90,99,3.62,RU,2024-02-27 17:09:43
406,ubari,26.5921,12.7805,66.87,12,0,6.78,LY,2024-02-27 17:09:44
407,vielsalm,50.2841,5.915,37.54,98,5,2.8,BE,2024-02-27 17:09:44
408,tumaco,1.7986,-78.8156,79.68,82,77,6.02,CO,2024-02-27 17:09:45
409,pontevedra,42.431,-8.6444,50.14,87,75,4.32,ES,2024-02-27 17:09:46
410,yeppoon,-23.1333,150.7333,82.18,56,11,15.35,AU,2024-02-27 17:09:46
411,st. john's,47.5649,-52.7093,32.9,86,60,4.0,CA,2024-02-27 17:07:00
412,konarka,19.9,86.1167,73.8,74,0,6.51,IN,2024-02-27 17:06:20
413,oliver,49.1831,-119.5524,34.0,35,55,2.93,CA,2024-02-27 17:09:48
414,namibe,-15.1961,12.1522,74.66,74,100,2.35,AO,2024-02-27 17:09:48
415,tubarjal,30.4999,38.216,51.44,41,8,5.99,SA,2024-02-27 17:09:49
416,kapuskasing,49.4169,-82.4331,23.68,94,100,11.18,CA,2024-02-27 17:08:02
417,great falls,47.5002,-111.3008,16.16,64,0,4.61,US,2024-02-27 17:09:50
418,spanish wells,26.323,-81.7957,75.25,64,0,10.36,US,2024-02-27 17:09:51
419,jalqani,12.4486,34.2186,83.23,11,81,10.8,SD,2024-02-27 17:09:51
420,muisne,0.6,-80.0333,79.38,81,100,5.82,EC,2024-02-27 17:09:52
421,kalemie,-5.9475,29.1947,70.02,88,89,1.48,CD,2024-02-27 17:09:52
422,barra de santo antonio,-9.4047,-35.5072,83.48,78,93,7.76,BR,2024-02-27 17:09:53
423,villanueva,15.3167,-88.0,88.79,48,20,10.36,HN,2024-02-27 17:09:54
424,amboise,47.4125,0.9827,39.74,85,0,6.91,FR,2024-02-27 17:09:54
425,lorengau,-2.0226,147.2712,82.29,79,96,3.8,PG,2024-02-27 17:09:55
426,leer,53.2316,7.461,35.94,91,100,6.35,DE,2024-02-27 17:00:38
427,laizhou,37.1717,119.9214,33.71,56,100,3.44,CN,2024-02-27 17:09:56
428,nizhniy odes,63.6445,54.856,28.02,98,100,5.59,RU,2024-02-27 17:09:56
429,halden,59.1226,11.3871,37.83,96,100,11.92,NO,2024-02-27 17:09:57
430,khandyga,62.6667,135.6,-31.18,100,100,2.77,RU,2024-02-27 17:09:57
431,hilo,19.7297,-155.09,76.73,79,75,12.66,US,2024-02-27 17:07:30
432,zheleznogorsk,52.331,35.3711,24.19,86,98,9.04,RU,2024-02-27 17:09:59
433,sao jose da coroa grande,-8.8978,-35.1478,80.82,78,86,8.19,BR,2024-02-27 17:09:59
434,sal rei,16.1833,-22.9167,72.09,78,100,14.36,CV,2024-02-27 17:10:00
435,magadan,59.5667,150.8,-8.93,92,58,4.12,RU,2024-02-27 17:09:02
436,paphos,34.7667,32.4167,51.58,82,0,9.22,CY,2024-02-27 17:10:02
437,alice springs,-23.7,133.8833,87.35,51,60,11.5,AU,2024-02-27 17:10:03
438,fort bragg,35.139,-79.006,64.81,67,75,10.36,US,2024-02-27 17:10:04
439,kuanda,56.3161,116.0806,-29.78,97,86,1.03,RU,2024-02-27 17:10:04
440,hirara,24.8,125.2833,69.33,74,99,4.59,JP,2024-02-27 17:10:05
441,argostolion,38.1811,20.489,59.74,72,100,10.38,GR,2024-02-27 17:10:06
442,nogliki,51.8333,143.1667,-5.87,100,100,4.52,RU,2024-02-27 17:10:07
443,bangjun,39.9911,117.2628,32.52,60,64,2.75,CN,2024-02-27 17:10:07
444,kidal,18.4411,1.4078,80.85,12,2,8.46,ML,2024-02-27 17:10:08
445,broken hill,-31.95,141.4333,93.25,14,36,16.08,AU,2024-02-27 17:10:09
446,whangarei,-35.7317,174.3239,74.5,53,77,4.7,NZ,2024-02-27 17:10:09
447,manggar,-2.8833,108.2667,78.67,89,92,8.16,ID,2024-02-27 17:10:10
448,ingeniero jacobacci,-41.3427,-69.5448,68.14,37,100,18.77,AR,2024-02-27 17:10:11
449,cockburn town,21.4612,-71.1419,75.22,77,32,22.01,TC,2024-02-27 17:05:58
450,ouani,-12.1322,44.4258,82.96,75,99,6.55,KM,2024-02-27 17:10:12
451,kabompo,-13.5927,24.2008,64.94,98,81,3.31,ZM,2024-02-27 17:10:13
452,saint-alban,43.7,1.4167,45.16,81,100,19.57,FR,2024-02-27 17:10:13
453,nuuk,64.1835,-51.7216,20.01,68,75,9.22,GL,2024-02-27 17:10:14
454,salinopolis,-0.6136,-47.3561,78.01,88,100,9.01,BR,2024-02-27 17:10:15
455,zhezqazghan,47.7833,67.7667,1.53,98,74,5.32,KZ,2024-02-27 17:10:15
456,seguin,29.5688,-97.9647,85.86,64,0,9.22,US,2024-02-27 17:10:16
457,tuni,17.35,82.55,70.07,86,2,2.77,IN,2024-02-27 17:10:16
458,puerto san jose,13.9256,-90.8244,85.21,51,1,8.59,GT,2024-02-27 17:10:17
459,dazuocun,24.8862,118.9643,53.62,83,100,17.74,CN,2024-02-27 17:10:18
460,kismayo,-0.3582,42.5454,81.93,81,6,14.25,SO,2024-02-27 17:10:19
461,sonoita,31.85,-112.8333,69.24,41,99,6.15,MX,2024-02-27 17:10:20
462,dunedin,-45.8742,170.5036,54.81,94,100,4.0,NZ,2024-02-27 17:08:32
463,tarko-sale,64.9225,77.785,26.67,97,100,11.16,RU,2024-02-27 17:10:22
464,la foa,-21.7108,165.8276,83.19,64,74,9.73,NC,2024-02-27 17:10:22
465,polyarnyy,69.1989,33.4478,21.72,89,75,14.52,RU,2024-02-27 17:10:23
466,kalmunai,7.4167,81.8167,78.22,84,98,10.85,LK,2024-02-27 17:10:24
467,pahlgam,34.0333,75.3333,22.77,72,92,9.6,IN,2024-02-27 17:10:24
468,decorah,43.3033,-91.7857,38.32,70,0,21.85,US,2024-02-27 17:10:25
469,fonte boa,-2.4959,-66.2662,75.9,92,75,1.54,BR,2024-02-27 17:10:26
470,beloyarskiy,63.7119,66.6722,19.99,96,100,5.99,RU,2024-02-27 17:09:18
471,ouesso,1.6136,16.0517,75.63,57,3,2.62,CG,2024-02-27 17:10:27
472,bereket,39.2446,55.5154,32.68,41,0,5.1,TM,2024-02-27 17:10:27
473,flying fish cove,-10.4217,105.6791,76.68,100,75,4.61,CX,2024-02-27 17:10:28
474,ballina,-28.8667,153.5667,77.77,65,67,3.33,AU,2024-02-27 17:10:28
475,sola,-13.8833,167.55,83.14,73,85,6.85,VU,2024-02-27 17:10:29
476,saynshand,44.8824,110.1163,-10.66,93,38,3.96,MN,2024-02-27 17:10:30
477,zuunmod,47.7069,106.9528,-24.57,100,63,1.43,MN,2024-02-27 17:10:30
478,castellarano,44.5131,10.7329,50.45,96,100,1.21,IT,2024-02-27 17:10:31
479,barika,35.389,5.3658,46.47,72,10,14.83,DZ,2024-02-27 17:10:09
480,rabaul,-4.1967,152.1721,80.15,83,100,5.48,PG,2024-02-27 17:10:32
481,vega de alatorre,20.0333,-96.6333,80.65,67,2,13.58,MX,2024-02-27 17:10:33
482,natal,-5.795,-35.2094,79.45,89,75,10.36,BR,2024-02-27 17:10:33
483,sao joao da barra,-21.6403,-41.0511,75.29,94,7,8.41,BR,2024-02-27 17:10:34
484,dordrecht,51.81,4.6736,42.98,88,97,1.01,NL,2024-02-27 17:08:28
485,dalandzadgad,43.5708,104.425,6.33,71,28,8.79,MN,2024-02-27 17:10:36
486,sodra sandby,56.5667,16.6167,32.9,97,5,4.05,SE,2024-02-27 17:10:36
487,pajok,3.8651,32.4821,71.91,78,20,7.4,SS,2024-02-27 17:10:37
488,swift current,50.2834,-107.8014,-4.99,77,40,8.05,CA,2024-02-27 17:10:19
489,svetlyy,54.675,20.1347,48.36,96,100,3.49,RU,2024-02-27 17:10:38
490,isheyevka,54.4167,48.2667,3.22,82,54,6.17,RU,2024-02-27 17:10:39
491,pointe michel,15.25,-61.3833,78.55,70,36,10.36,DM,2024-02-27 17:10:39
492,aswan,24.0934,32.907,61.25,36,0,10.04,EG,2024-02-27 17:10:40
493,williams,52.1415,-122.1445,11.77,56,100,11.5,CA,2024-02-27 17:10:40
494,palmas,-10.2128,-48.3603,80.47,89,20,2.3,BR,2024-02-27 17:10:41
495,agat village,13.3886,144.6585,82.51,74,0,12.66,GU,2024-02-27 17:10:41
496,terrace,54.5163,-128.6035,15.71,79,100,9.22,CA,2024-02-27 17:10:42
497,boulder city,35.9786,-114.8325,69.22,19,0,9.22,US,2024-02-27 17:05:53
498,taroa,8.7058,171.2275,81.03,84,56,17.07,MH,2024-02-27 17:10:44
499,aljezur,37.3191,-8.8033,48.61,79,59,10.83,PT,2024-02-27 17:10:44
500,prince rupert,54.3161,-130.3201,33.89,80,100,17.27,CA,2024-02-27 17:10:45
501,nagqu,31.5,92.0,23.45,35,100,17.74,CN,2024-02-27 17:10:45
502,watford city,47.8022,-103.2832,10.45,52,20,9.22,US,2024-02-27 17:10:46
503,busembatia,0.7697,33.6131,67.84,90,100,4.09,UG,2024-02-27 17:10:46
504,palikir - national government center,6.9248,158.1611,85.05,84,100,11.5,FM,2024-02-27 17:10:47
505,villa yapacani,-17.4,-63.8333,77.76,85,100,4.05,BO,2024-02-27 17:10:48
506,luderitz,-26.6481,15.1594,63.32,83,1,3.0,,2024-02-27 17:10:48
507,bubaque,11.2833,-15.8333,77.92,68,35,19.53,GW,2024-02-27 17:10:49
508,tarimoro,20.2833,-100.75,86.52,11,4,4.68,MX,2024-02-27 17:10:50
509,kangding,30.0513,101.9603,38.19,64,13,5.1,CN,2024-02-27 17:10:51
510,touros,-5.1989,-35.4608,78.31,88,93,9.51,BR,2024-02-27 17:10:51
511,hays,30.0502,-98.0336,81.9,68,50,3.0,US,2024-02-27 17:10:52
512,salinas,36.6777,-121.6555,67.98,63,6,3.0,US,2024-02-27 17:00:48
513,livingstone,-17.8419,25.8543,70.39,74,82,8.03,ZM,2024-02-27 17:10:53
514,mana,5.6592,-53.7767,78.58,68,1,9.89,GF,2024-02-27 17:10:53
515,ocean shores,46.9737,-124.1563,45.95,93,100,13.0,US,2024-02-27 17:07:41
516,bodaybo,57.8506,114.1933,-38.58,100,83,1.72,RU,2024-02-27 17:10:55
517,san antonio de pale,-1.4014,5.6325,82.72,78,48,3.11,GQ,2024-02-27 17:10:55
518,west bay,19.3667,-81.4167,81.05,79,40,11.5,KY,2024-02-27 17:10:56
519,mbarara,-0.608,30.65,63.34,93,100,4.14,UG,2024-02-27 17:10:56
520,isola di capo rizzuto,38.96,17.0933,57.18,86,100,11.39,IT,2024-02-27 17:10:57
521,kerikeri,-35.2268,173.9474,73.9,76,80,1.01,NZ,2024-02-27 17:10:56
522,vorkuta,67.5,64.0,24.75,96,100,11.61,RU,2024-02-27 17:10:58
523,tuburan,6.6439,122.2736,78.89,72,97,14.36,PH,2024-02-27 17:10:58
524,sao felix do xingu,-6.6447,-51.995,72.91,96,96,1.57,BR,2024-02-27 17:10:59
525,kremenchuk,49.0973,33.4197,33.67,71,98,8.55,UA,2024-02-27 17:11:00
526,maraba,-5.3686,-49.1178,77.18,88,100,1.14,BR,2024-02-27 17:11:00
527,sargatskoye,55.6101,73.4972,25.12,97,100,8.77,RU,2024-02-27 17:11:01
528,pimentel,-6.8367,-79.9342,79.09,73,0,24.16,PE,2024-02-27 17:11:01
529,marsh harbour,26.5412,-77.0636,71.33,57,2,12.5,BS,2024-02-27 17:11:02
530,pisco,-13.7,-76.2167,75.25,83,0,24.16,PE,2024-02-27 17:11:03
531,prado,-17.3411,-39.2208,77.83,90,45,4.92,BR,2024-02-27 17:11:03
532,chapada dos guimaraes,-15.4606,-55.7497,74.86,58,47,0.13,BR,2024-02-27 17:11:04
533,zeya,53.75,127.2667,-0.51,96,100,3.65,RU,2024-02-27 17:11:04
534,yamada,39.4667,141.95,33.84,78,44,5.53,JP,2024-02-27 17:11:05
535,kaele,10.1092,14.4508,86.67,22,3,8.57,CM,2024-02-27 17:11:06
536,ochakiv,46.6128,31.5498,36.75,74,87,11.48,UA,2024-02-27 17:11:07
537,okahao,-17.885,15.0667,79.52,49,98,7.87,,2024-02-27 17:11:07
538,shimoda,34.6667,138.95,47.1,57,43,2.46,JP,2024-02-27 17:11:08
539,galanta,48.19,17.7275,54.99,80,100,6.44,SK,2024-02-27 17:11:09
540,rio branco,-9.9747,-67.81,81.21,83,40,0.0,BR,2024-02-27 17:11:09
541,nouadhibou,20.931,-17.0347,69.78,64,13,24.16,MR,2024-02-27 17:11:10
542,kittila,67.6647,24.8936,26.74,86,100,11.5,FI,2024-02-27 17:11:11
543,bikenibeu village,1.3673,173.1241,84.16,79,40,9.22,KI,2024-02-27 17:11:11
544,niort,46.3333,-0.3333,40.62,85,65,1.99,FR,2024-02-27 17:11:12
545,veraval,20.9,70.3667,74.53,43,0,9.89,IN,2024-02-27 17:11:13
546,san-pedro,4.7485,-6.6363,80.76,88,100,5.64,CI,2024-02-27 17:11:14
547,povorino,51.1945,42.2457,9.21,87,94,7.45,RU,2024-02-27 17:11:14
548,mabaruma,8.2,-59.7833,76.77,69,41,6.62,GY,2024-02-27 17:11:15
549,jalal-abad,40.9333,73.0,35.24,81,100,3.85,KG,2024-02-27 17:11:16
550,nishinoomote,30.7333,131.0,54.79,67,76,16.33,JP,2024-02-27 17:11:16
551,lesina,41.8594,15.3527,55.81,86,100,8.48,IT,2024-02-27 17:11:17
552,cam ranh,11.9214,109.1591,76.96,88,40,9.22,VN,2024-02-27 17:11:18
553,meulaboh,4.1363,96.1285,77.72,86,99,2.89,ID,2024-02-27 17:11:18
554,pacific grove,36.6177,-121.9166,64.2,63,0,12.66,US,2024-02-27 17:11:19
555,kish,26.5578,54.0194,68.4,52,0,1.77,IR,2024-02-27 17:11:20
556,al khawr,25.7667,51.3167,62.4,52,3,5.95,QA,2024-02-27 17:11:21
557,bayganin,48.6947,55.8742,11.03,83,28,6.24,KZ,2024-02-27 17:11:22
558,quimili,-27.6333,-62.4167,78.44,82,100,5.57,AR,2024-02-27 17:11:22
559,zaza del medio,21.9961,-79.3669,78.64,57,24,13.6,CU,2024-02-27 17:11:23
560,huarmey,-10.0681,-78.1522,76.68,78,21,9.62,PE,2024-02-27 17:11:24
561,middelburg,-25.7751,29.4648,58.23,92,68,4.59,ZA,2024-02-27 17:11:25
